id,name,price,link
Код 69921,Краска моющаяся OLIMP Gamma матовая белая (10л),4455,/products/69921
Код 169767,Краска моющаяся ЭКСПЕРТ супербелая матовая (14кг),1299,/products/169767
Код 47652,Краска моющаяся акриловая Parade W4 Дом&Офис белая матовая (10л),4995,/products/47652
Код 150800,Краска моющаяся Tikkurila EURO Power 7 матовая белая (9л),5999,/products/150800
Код 74505,Краска интерьерная латексная моющаяся ЛАКРА Белая матовая (14кг),2260,/products/74505
Код 136898,Краска для стен и потолков Element I-4 супербелая матовая (10л),2389,/products/136898
Код 188726,Краска интерьерная акриловая HUSKY матовая износостойкая белая (10л),5195,/products/188726
Код 18093,Краска акриловая ALPA ALPAlux супермоющаяся матовая белая (10л),4895,/products/18093
Код 280427,Краска интерьерная латексная Parade Pro'latex Е7 белая шелковисто-матовая (9л),5399,/products/280427
Код 435037,Краска влагостойкая акриловая Parade W3 белая матовая (9л),3195,/products/435037
Код 116477,Краска интерьерная ЭКСПЕРТ супербелая матовая (14кг),995,/products/116477
Код 65950,Краска интерьерная латексная влагостойкая ЛАКРА Белая матовая (14кг),1495,/products/65950
Код 116461,Краска влагостойкая ЭКСПЕРТ супербелая матовая (14кг),1255,/products/116461
Код 150798,"Краска моющаяся Tikkurila EURO Power 7 матовая белая (2,7л)",1999,/products/150798
Код 308590,Краска моющаяся латексная Element Se Latex матовая белая (9л/14кг),1849,/products/308590
Код 70390,Краска латексная ALPA Profi 7 матовая белая (10л),6799,/products/70390
Код 69920,Краска моющаяся OLIMP Gamma матовая белая (5л),2295,/products/69920
Код 102707,Краска для стен и потолков ЛАКРА белоснежная матовая (14кг),1170,/products/102707
Код 109990,Краска моющаяся OLIMP Gamma матовая прозрачная база С (9л),3095,/products/109990
Код 47651,Краска моющаяся акриловая Parade W4 Дом&Офис белая матовая (5л),2449,/products/47651
Код 90689,Краска латексная ALPA Profi 3 глубокоматовая белая (10л),7175,/products/90689
Код 19878,Краска интерьерная ЛАКРА белая матовая (14кг),1195,/products/19878
Код 202686,Краска интерьерная Tikkurila EURO Matt 3 глубокоматовая белая (9л),5299,/products/202686
Код 280424,Краска интерьерная латексная Parade Pro'latex Е3 белая матовая (9л),4850,/products/280424
Код 47648,Краска влагостойкая акриловая Parade W3 белая матовая (5л),1759,/products/47648
Код 32409,Краска акриловая Интерьерная DALI глубокоматовая цвет Белый База А (9л),2735,/products/32409
Код 69856,Краска влагостойкая JOBI SuperWeiss L3 супер-белая (10л),2995,/products/69856
Код 20885,Краска акриловая Для стен и потолков Dali Professional глубокоматовая цвет Белый База А (9л),3595,/products/20885
Код 66976,Краска акриловая ALPA ALPAlux супермоющаяся матовая белая (5л),2660,/products/66976
Код 69812,Краска латексная влагостойкая JOBI MattLatex матовая белая (10л),2470,/products/69812
Код 437685,Краска для стен и потолков PROREMONTT супербелая (14кг),795,/products/437685
Код 69918,"Краска моющаяся OLIMP Gamma матовая белая (2,5л)",1215,/products/69918
Код 5716,Краска для стен и потолков ALPA Mattlatex матовая белая (10л),3395,/products/5716
Код 103409,Краска моющаяся ЭКСПЕРТ супербелая матовая ( 7кг),845,/products/103409
Код 47656,Краска моющаяся латексная Parade W100 белая матовая (9л),3805,/products/47656
Код 136897,Краска для стен и потолков Element I-4 супербелая матовая (5л),1555,/products/136897
Код 45813,Краска интерьерная акриловая Parade W2 белая матовая (10л),2545,/products/45813
Код 343792,Краска интерьерная Tikkurila PERFECTA глубокоматовая белая (9л),11995,/products/343792
Код 74504,Краска интерьерная латексная моющаяся ЛАКРА Белая матовая (3кг),525,/products/74504
Код 47647,"Краска влагостойкая акриловая Parade W3 белая матовая (2,5л)",949,/products/47647
Код 47650,"Краска моющаяся акриловая Parade W4 Дом&Офис белая матовая (2,5л)",1545,/products/47650
Код 336489,Краска моющаяся ЭКСПЕРТ супербелая матовая (3кг),370,/products/336489
Код 80644,"Краска моющаяся OLIMP Gamma матовая прозрачная база С (2,7л)",995,/products/80644
Код 150803,Краска интерьерная Tikkurila EURO Smart 2 глубокоматовая белая (9л),4499,/products/150803
Код 102706,"Краска для стен и потолков ЛАКРА белоснежная матовая (6,5кг)",580,/products/102706
Код 188725,"Краска интерьерная акриловая HUSKY матовая износостойкая белая (2,5л)",1665,/products/188725
Код 116458,Краска влагостойкая ЭКСПЕРТ супербелая матовая (7кг),675,/products/116458
Код 80726,"Краска моющаяся OLIMP Gamma матовая белая (0,9л)",450,/products/80726
Код 35103,Краска акриловая ALPA ALPAlux супермоющаяся матовая белая (2л),1295,/products/35103
Код 102704,"Краска для стен и потолков ЛАКРА белоснежная матовая (1,3кг)",135,/products/102704
Код 47646,Краска для потолка акриловая Parade W1 белая матовая (10л),2295,/products/47646
Код 102705,Краска для стен и потолков ЛАКРА белоснежная матовая (3кг),295,/products/102705
Код 280426,"Краска интерьерная латексная Parade Pro'latex Е7 белая шелковисто-матовая (2,7л)",1799,/products/280426
Код 150801,Краска моющаяся Tikkurila EURO Power 7 матовая База C (9л),6345,/products/150801
Код 32401,Краска акриловая Для стен и потолков Dali Professional глубокоматовая цвет Белый База А (5л),2125,/products/32401
Код 149980,Краска моющаяся акриловая Parade W4 Дом&Офис матовая База С (9л),4395,/products/149980
Код 372549,Краска для гостиных и спален ЛЦ (9кг),575,/products/372549
Код 73732,Краска акриловая ALPA ALPAlux супермоющаяся матовая База C (9/10л),4295,/products/73732
Код 102709,"Краска интерьерная латексная влагостойкая ЛАКРА Белая матовая (6,5кг)",725,/products/102709
Код 202685,"Краска интерьерная Tikkurila EURO Matt 3 глубокоматовая белая (2,7л)",1799,/products/202685
Код 280423,"Краска интерьерная латексная Parade Pro'latex Е3 белая матовая (2,7л)",1750,/products/280423
Код 372546,Краска для потолков ЛЦ (9кг),395,/products/372546
Код 150796,"Краска моющаяся Tikkurila EURO Power 7 матовая белая (0,9л)",895,/products/150796
Код 20886,Краска акриловая Dali Для кухни и ванной База А белая (9л),3755,/products/20886
Код 108416,Краска Моющаяся ТЕКС Профи глубокоматовая белая (9л),3645,/products/108416
Код 151418,Краска влагостойкая ЭКСПЕРТ супербелая матовая (3кг),310,/products/151418
Код 407332,Краска моющаяся экологичная ALPA ECOPLUS матовая белая (9л/14кг),5195,/products/407332
Код 149978,"Краска моющаяся акриловая Parade W4 Дом&Офис матовая База С (2,5л)",1385,/products/149978
Код 47655,Краска моющаяся латексная Parade W100 белая матовая (5л),2595,/products/47655
Код 102708,"Краска интерьерная ЛАКРА белая матовая (6,5кг)",489,/products/102708
Код 116476,Краска интерьерная ЭКСПЕРТ супербелая матовая (7кг),525,/products/116476
Код 32403,Краска акриловая Dali Для кухни и ванной База А белая (5л),2195,/products/32403
Код 136896,Краска для стен и потолков Element I-4 супербелая матовая (2л),599,/products/136896
Код 149983,Краска моющаяся латексная Parade W100 матовая База С (9л),3495,/products/149983
Код 66978,Краска для стен и потолков ALPA Mattlatex матовая белая (5л),1995,/products/66978
Код 69826,Краска влагостойкая JOBI SuperWeiss L3 супер-белая (5л),1565,/products/69826
Код 150802,"Краска интерьерная Tikkurila EURO Smart 2 глубокоматовая белая (2,7л)",1489,/products/150802
Код 70379,"Краска латексная ALPA Profi 3 глубокоматовая белая (2,5л)",2799,/products/70379
Код 45069,Краска для потолка акриловая Parade W1 белая матовая (5л),1030,/products/45069
Код 47653,"Краска моющаяся латексная Parade W100 белая матовая (2,5л)",1165,/products/47653
Код 343794,"Краска интерьерная Tikkurila PERFECTA глубокоматовая белая (2,7л)",3699,/products/343794
Код 370853,Краска акриловая для стен и потолков Dali Professional глубокоматовая База C (9л),2595,/products/370853
Код 45812,Краска интерьерная акриловая Parade W2 белая матовая (5л),1155,/products/45812
Код 150799,"Краска моющаяся Tikkurila EURO Power 7 матовая База C (2,7л)",2040,/products/150799
Код 407063,Краска для стен и потолков Profilux НЕГОРЮЧАЯ КМ0 (14кг),1535,/products/407063
Код 409038,Краска моющаяся OLIMP Gamma матовая белая (450мл),225,/products/409038
Код 32400,"Краска акриловая Для стен и потолков Dali Professional глубокоматовая цвет Белый База А (2,5л)",1135,/products/32400
Код 32408,Краска акриловая Интерьерная DALI глубокоматовая цвет Белый База А (5л),1585,/products/32408
Код 280422,"Краска интерьерная латексная Parade Pro'latex Е3 белая матовая (0,9л)",650,/products/280422
Код 107793,Краска интерьерная ЛАКРА белая матовая (3кг),259,/products/107793
Код 65949,Краска интерьерная латексная влагостойкая ЛАКРА Белая матовая (3кг),365,/products/65949
Код 308589,"Краска моющаяся латексная Element Se Latex матовая белая (4,5л/7кг)",1225,/products/308589
Код 437437,Краска интерьерная Tikkurila HARMONY SATIN A матовая белая (9л),11795,/products/437437
Код 370860,"Краска акриловая Интерьерная DALI глубокоматовая цвет Белый База А (0,9л)",335,/products/370860
Код 70391,"Краска латексная ALPA Profi 7 матовая белая (2,5л)",3095,/products/70391
Код 357268,Краска моющаяся экологичная ALPA ECOPLUS матовая белая (5л/8кг),2499,/products/357268
Код 322896,"Краска акриловая ALPA ALPAlux супермоющаяся матовая База С (1,8л)",1270,/products/322896
Код 116474,Краска интерьерная ЭКСПЕРТ супербелая матовая (3кг),245,/products/116474
Код 149981,"Краска моющаяся латексная Parade W100 матовая База С (2,5л)",1265,/products/149981
Код 69811,Краска латексная влагостойкая JOBI MattLatex матовая белая (5л),1480,/products/69811
Код 45068,"Краска для потолка акриловая Parade W1 белая матовая (2,5л)",520,/products/45068
Код 32407,"Краска акриловая Интерьерная DALI глубокоматовая цвет Белый База А (2,5л)",845,/products/32407
Код 280425,"Краска интерьерная латексная Parade Pro'latex Е7 белая шелковисто-матовая (0,9л)",699,/products/280425
Код 386821,Краска интерьерная DUFA TREND FARBE BLACK цвет Черный RAL 9005 (10л),3995,/products/386821
Код 355943,"Краска акриловая ALPA ALPAlux супермоющаяся матовая белая (0,9л)",790,/products/355943
Код 370862,"Краска акриловая Dali Для кухни и ванной База А белая (0,9л)",455,/products/370862
Код 32405,Краска акриловая Dali для потолков белая (5л),1095,/products/32405
Код 108411,"Краска Моющаяся ТЕКС Профи глубокоматовая белая (4,5л)",1945,/products/108411
Код 32406,Краска акриловая Dali для потолков белая (9л),1895,/products/32406
Код 202684,"Краска интерьерная Tikkurila EURO Matt 3 глубокоматовая белая (0,9л)",825,/products/202684
Код 69823,"Краска влагостойкая JOBI SuperWeiss L3 супер-белая (2,5л)",895,/products/69823
Код 437434,"Краска для стен и потолков Tikkurila LUJA EXTRA A матова белая (2,7л)",4845,/products/437434
Код 437435,"Краска интерьерная Tikkurila HARMONY SATIN A матовая белая (0,9л)",1345,/products/437435
Код 370851,"Краска акриловая для стен и потолков Dali Professional глубокоматовая База C (2,5л)",785,/products/370851
Код 386797,"Краска интерьерная DUFA SCHIMMELSCHUTZ (0,9л)",695,/products/386797
Код 386799,Краска интерьерная DUFA SCHIMMELSCHUTZ (5л),3465,/products/386799
Код 386800,Краска интерьерная DUFA SCHIMMELSCHUTZ (10л),6695,/products/386800
Код 386810,"Краска интерьерная DUFA TREND FARBE цвет Капучино (12-0710) (2,5л)",765,/products/386810
Код 386814,"Краска интерьерная DUFA TREND FARBE цвет Молочный коктейль (11-4201) (2,5л) ",765,/products/386814
Код 386815,"Краска интерьерная DUFA TREND FARBE цвет Очищенный миндаль (13-1016) (2,5л)",525,/products/386815
Код 386816,"Краска интерьерная DUFA TREND FARBE цвет Полное затмение (19-4104) (2,5л)",725,/products/386816
Код 386819,"Краска интерьерная DUFA TREND FARBE BLACK цвет Черный RAL 9005 (2,5л)",1195,/products/386819
Код 404252,"Краска интерьерная ультрастойкая DALI Двойной эффект шелковисто-матовая База С (2,5л) ",1299,/products/404252
Код 357267,"Краска моющаяся экологичная ALPA ECOPLUS матовая белая (2л/3,2кг)",1199,/products/357267
Код 370856,"Краска акриловая Dali для кухни и ванной База С (2,5л)",855,/products/370856
Код 45811,"Краска интерьерная акриловая Parade W2 белая матовая (2,5л)",770,/products/45811
Код 5717,Краска для стен и потолков ALPA Mattlatex матовая белая (2л),950,/products/5717
Код 409129,Краска моющаяся OLIMP Gamma матовая База С (450мл),225,/products/409129
Код 150797,"Краска моющаяся Tikkurila EURO Power 7 матовая База C (0,9л)",745,/products/150797
Код 370852,Краска акриловая для стен и потолков Dali Professional глубокоматовая База C (5л),1455,/products/370852
Код 370855,"Краска акриловая Dali для кухни и ванной База С (0,9л)",355,/products/370855
Код 386798,"Краска интерьерная DUFA SCHIMMELSCHUTZ (2,5л)",1760,/products/386798
Код 386801,"Краска интерьерная DUFA MATTLATEX RD100 (2,5л)",1350,/products/386801
Код 386803,Краска интерьерная DUFA MATTLATEX RD100 (10л),4275,/products/386803
Код 386804,"Краска интерьерная DUFA SUPERWEISS RD4 (2,5л)",1095,/products/386804
Код 386805,Краска интерьерная DUFA SUPERWEISS RD4 (5л),2595,/products/386805
Код 386808,"Краска интерьерная DUFA TREND FARBE цвет Зеленый папоротник (18-0121) (2,5л)",765,/products/386808
Код 386813,"Краска интерьерная DUFA TREND FARBE цвет Марципан (13-1106) (2,5л)",765,/products/386813
Код 386818,"Краска интерьерная DUFA TREND FARBE цвет Сливочный мусс (11-0606) (2,5л)",765,/products/386818
Код 386820,Краска интерьерная DUFA TREND FARBE BLACK цвет Черный RAL 9005 (5л),1995,/products/386820
Код 404253,Краска интерьерная ультрастойкая DALI Двойной эффект шелковисто-матовая База С (5л) ,2399,/products/404253
Код 404254,Краска интерьерная ультрастойкая DALI Двойной эффект шелковисто-матовая База С (9л) ,3999,/products/404254
Код 57540,"Краска Моющаяся ТЕКС Профи глубокоматовая белая (1,8л)",825,/products/57540
Код 437433,"Краска для стен и потолков Tikkurila LUJA EXTRA A матова белая (0,9л)",1695,/products/437433
Код 370850,"Краска акриловая для стен и потолков Dali Professional глубокоматовая База C (0,9л)",335,/products/370850
Код 316827,"Краска латексная ALPA Profi 7 матовая белая (0,5л)",599,/products/316827
Код 80735,"Краска моющаяся OLIMP Gamma матовая прозрачная база С (0,9л)",325,/products/80735
Код 409039,Краска фасадная OLIMP Сигма матовая цвет белый (450мл),225,/products/409039
Код 367223,"Краска моющаяся экологичная ALPA ECOPLUS матовая белая (0,9л/1,44кг)",619,/products/367223
Код 370854,"Краска акриловая Для стен и потолков Dali Professional глубокоматовая цвет Белый (0,9л)",445,/products/370854
Код 370861,"Краска акриловая Dali для потолков белая (0,9л)",245,/products/370861
Код 32404,"Краска акриловая Dali для потолков белая (2,5л)",595,/products/32404
Код 343805,"Краска интерьерная Tikkurila EURO Smart 2 глубокоматовая белая (0,9л)",685,/products/343805
Код 336491,"Краска интерьерная акриловая HUSKY матовая износостойкая белая (0,9л)",695,/products/336491
Код 386802,Краска интерьерная DUFA MATTLATEX RD100 (5л),2295,/products/386802
Код 386806,Краска интерьерная DUFA SUPERWEISS RD4 (10л),3350,/products/386806
Код 386807,"Краска интерьерная DUFA TREND FARBE цвет Галечный серый (13-0000) (2,5л)",765,/products/386807
Код 386809,"Краска интерьерная DUFA TREND FARBE цвет Каменно-серый (14-4105) (2,5л)",765,/products/386809
Код 437436,"Краска интерьерная Tikkurila HARMONY SATIN A матовая белая (2,7л)",3895,/products/437436
Код 69809,"Краска латексная влагостойкая JOBI MattLatex матовая белая (2,5л)",595,/products/69809
Код 316826,"Краска латексная ALPA Profi 3 глубокоматовая белая (0,5л)",665,/products/316826
Код 343798,"Краска интерьерная Tikkurila PERFECTA глубокоматовая белая (0,9л)",1299,/products/343798
Код 308588,Краска моющаяся латексная Element Se Latex матовая белая (2л/3кг),655,/products/308588
Код 93213,"Краска Моющаяся ТЕКС Профи глубокоматовая белая (0,9л)",425,/products/93213
Код 446412,"Краска интерьерная PARADE DELUXE Brilliant Perfect Matt глубокоматовая белая База А (2,7л)",3865,/products/446412
Код 337065,"Краска интерьерная латексная Parade Pro'latex Е7 шелковисто-матовая База С (0,9л)",655,/products/337065
Код 446411,"Краска интерьерная PARADE DELUXE Brilliant Perfect Matt глубокоматовая белая База А (0,9л)",1295,/products/446411
Код 446413,Краска интерьерная PARADE DELUXE Brilliant Perfect Matt глубокоматовая белая База А (9л),10795,/products/446413
Код 433693,Краска интерьерная латексная Parade Pro'latex Е7 шелковисто-матовая База С (9л),5195,/products/433693
